<?xml version="1.0" encoding="UTF-8"?>
<project-private xmlns="http://www.netbeans.org/ns/project-private/1">
    <editor-bookmarks xmlns="http://www.netbeans.org/ns/editor-bookmarks/2" lastBookmarkId="0"/>
    <open-files xmlns="http://www.netbeans.org/ns/projectui-open-files/2">
        <group>
            <file>file:/C:/Users/Katha%20Elisa/Documents/NetBeansProjects/Partnersuche/src/partnersuche/Orientierung.java</file>
            <file>file:/C:/Users/Katha%20Elisa/Documents/NetBeansProjects/Partnersuche/src/partnersuche/Verwaltung.java</file>
            <file>file:/C:/Users/Katha%20Elisa/Documents/NetBeansProjects/Partnersuche/src/partnersuche/Hobbies.java</file>
            <file>file:/C:/Users/Katha%20Elisa/Documents/NetBeansProjects/Partnersuche/src/partnersuche/Userspeicher.java</file>
            <file>file:/C:/Users/Katha%20Elisa/Documents/NetBeansProjects/Partnersuche/src/partnersuche/Partnersuchen.java</file>
            <file>file:/C:/Users/Katha%20Elisa/Documents/NetBeansProjects/Partnersuche/src/partnersuche/User.java</file>
            <file>file:/C:/Users/Katha%20Elisa/Documents/NetBeansProjects/Partnersuche/src/partnersuche/Geschlecht.java</file>
        </group>
    </open-files>
</project-private>
